Filename,Timestamp (s),Expression,Confidence
frame_0.jpg,0.0,neutral,89.18997645378113
frame_1.jpg,1.0,neutral,49.32268568006925
frame_10.jpg,10.0,angry,52.56198048591614
frame_100.jpg,100.0,sad,50.565409660339355
frame_1000.jpg,1000.0,sad,64.61937427520752
frame_1001.jpg,1001.0,sad,74.65927004814148
frame_1002.jpg,1002.0,sad,76.27290345864913
frame_1003.jpg,1003.0,sad,49.65340791066932
frame_1004.jpg,1004.0,sad,59.023109616226535
frame_1005.jpg,1005.0,sad,64.72304253119484
frame_1006.jpg,1006.0,sad,95.06663084030151
frame_1007.jpg,1007.0,sad,84.24161076545715
frame_1008.jpg,1008.0,sad,85.26877340450604
frame_1009.jpg,1009.0,sad,52.54006951569682
frame_101.jpg,101.0,sad,50.53450170364986
frame_1010.jpg,1010.0,sad,66.06868303231496
frame_1011.jpg,1011.0,sad,43.7813278306322
frame_1012.jpg,1012.0,sad,48.06436896324158
frame_1013.jpg,1013.0,sad,92.66239404678345
frame_1014.jpg,1014.0,sad,55.05141019821167
frame_1015.jpg,1015.0,sad,62.527696044903756
frame_1016.jpg,1016.0,sad,37.780508399009705
frame_1017.jpg,1017.0,sad,64.90387320518494
frame_1018.jpg,1018.0,sad,43.81044470134048
frame_1019.jpg,1019.0,sad,52.12482810020447
frame_102.jpg,102.0,sad,49.05984699726105
frame_1020.jpg,1020.0,sad,87.81573917678128
frame_1021.jpg,1021.0,sad,84.71152095267301
frame_1022.jpg,1022.0,sad,84.37740206718445
frame_1023.jpg,1023.0,sad,68.02557110786438
frame_1024.jpg,1024.0,sad,87.72731569679789
frame_1025.jpg,1025.0,sad,84.37920808792114
frame_1026.jpg,1026.0,sad,70.40311694145203
frame_1027.jpg,1027.0,sad,54.62167207936381
frame_1028.jpg,1028.0,sad,42.109742290362256
frame_1029.jpg,1029.0,fear,42.405563140247054
frame_103.jpg,103.0,sad,44.119030237197876
frame_1030.jpg,1030.0,neutral,60.88525652885437
frame_1031.jpg,1031.0,sad,67.09847450256348
frame_1032.jpg,1032.0,sad,82.09631336309394
frame_1033.jpg,1033.0,sad,75.33334199587607
frame_1034.jpg,1034.0,sad,70.02517580986023
frame_1035.jpg,1035.0,sad,72.40046858787537
frame_1036.jpg,1036.0,sad,92.9340967018489
frame_1037.jpg,1037.0,sad,69.4354098698741
frame_1038.jpg,1038.0,sad,60.355100652879514
frame_1039.jpg,1039.0,sad,51.01672994891048
frame_104.jpg,104.0,sad,34.697723388671875
frame_1040.jpg,1040.0,sad,74.87551869445817
frame_1041.jpg,1041.0,sad,74.32315655670683
frame_1042.jpg,1042.0,sad,58.629077672958374
frame_1043.jpg,1043.0,sad,65.66038727760315
frame_1044.jpg,1044.0,sad,40.43507220954133
frame_1045.jpg,1045.0,neutral,53.34327220916748
frame_1046.jpg,1046.0,sad,42.4481549920851
frame_1047.jpg,1047.0,sad,47.12383449077606
frame_1048.jpg,1048.0,sad,37.26202395701694
frame_1049.jpg,1049.0,sad,59.18083190917969
frame_105.jpg,105.0,sad,59.22653079032898
frame_1050.jpg,1050.0,sad,52.655393201755665
frame_1051.jpg,1051.0,sad,45.61605997277021
frame_1052.jpg,1052.0,sad,55.4893288307982
frame_1053.jpg,1053.0,sad,48.05188477039337
frame_1054.jpg,1054.0,sad,51.891982555389404
frame_1055.jpg,1055.0,sad,71.2859238727002
frame_1056.jpg,1056.0,sad,79.78073358535767
frame_1057.jpg,1057.0,sad,77.57822275161743
frame_1058.jpg,1058.0,sad,95.6285834312439
frame_1059.jpg,1059.0,sad,68.15289665179829
frame_106.jpg,106.0,sad,52.61448590582777
frame_1060.jpg,1060.0,sad,51.55661702156067
frame_1061.jpg,1061.0,sad,50.20055474046199
frame_1062.jpg,1062.0,sad,48.0412211491861
frame_1063.jpg,1063.0,sad,37.840452790260315
frame_1064.jpg,1064.0,sad,52.517855167388916
frame_1065.jpg,1065.0,sad,53.30455620912053
frame_1066.jpg,1066.0,neutral,37.58869469165802
frame_1067.jpg,1067.0,angry,76.7831371297322
frame_1068.jpg,1068.0,angry,30.571465526310536
frame_1069.jpg,1069.0,neutral,71.35946154594421
frame_107.jpg,107.0,sad,37.32596484732209
frame_1070.jpg,1070.0,neutral,55.684017457483115
frame_1071.jpg,1071.0,angry,47.7889358997345
frame_1072.jpg,1072.0,angry,45.99764049053192
frame_1073.jpg,1073.0,angry,57.93870436779883
frame_1074.jpg,1074.0,sad,52.297019958496094
frame_1075.jpg,1075.0,angry,69.79299783706665
frame_1076.jpg,1076.0,sad,60.784347150844
frame_1077.jpg,1077.0,sad,36.48248910903931
frame_1078.jpg,1078.0,neutral,54.15269136428833
frame_1079.jpg,1079.0,sad,51.19317173957825
frame_108.jpg,108.0,sad,44.037378545119935
frame_1080.jpg,1080.0,sad,57.03758001327515
frame_1081.jpg,1081.0,sad,65.90436100959778
frame_1082.jpg,1082.0,sad,58.56056111329065
frame_1083.jpg,1083.0,sad,65.5176043510437
frame_1084.jpg,1084.0,sad,59.91368889808655
frame_1085.jpg,1085.0,sad,52.80894637107849
frame_1086.jpg,1086.0,sad,67.42511987686157
frame_1087.jpg,1087.0,sad,57.16446978834092
frame_1088.jpg,1088.0,sad,89.35847282409668
frame_1089.jpg,1089.0,sad,82.5082291667598
frame_109.jpg,109.0,sad,41.06974899768829
frame_1090.jpg,1090.0,sad,81.434308375973
frame_1091.jpg,1091.0,sad,88.63244652748108
frame_1092.jpg,1092.0,sad,84.60245040669741
frame_1093.jpg,1093.0,sad,75.01494288444519
frame_1094.jpg,1094.0,sad,54.7806441783905
frame_1095.jpg,1095.0,sad,59.22197103500366
frame_1096.jpg,1096.0,sad,55.26062250137329
frame_1097.jpg,1097.0,sad,67.7876353263855
frame_1098.jpg,1098.0,sad,35.84766089916229
frame_1099.jpg,1099.0,sad,55.078768730163574
frame_11.jpg,11.0,neutral,34.39595401287079
frame_110.jpg,110.0,neutral,40.49593096923005
frame_1100.jpg,1100.0,sad,47.18447029590607
frame_1101.jpg,1101.0,sad,51.69970393180847
frame_1102.jpg,1102.0,sad,52.373534158046944
frame_1103.jpg,1103.0,sad,54.175409923518295
frame_1104.jpg,1104.0,sad,55.93648552894592
frame_1105.jpg,1105.0,sad,54.10395860671997
frame_1106.jpg,1106.0,neutral,57.571644493537484
frame_1107.jpg,1107.0,sad,45.56707143783569
frame_1108.jpg,1108.0,sad,39.79972004890442
frame_1109.jpg,1109.0,neutral,88.85862164846787
frame_111.jpg,111.0,sad,69.03373372152642
frame_1110.jpg,1110.0,fear,51.77000473558931
frame_1111.jpg,1111.0,neutral,35.297997909664986
frame_1112.jpg,1112.0,neutral,41.055700182914734
frame_1113.jpg,1113.0,sad,39.76070582866669
frame_1114.jpg,1114.0,fear,42.890014820695804
frame_1115.jpg,1115.0,sad,54.80024814605713
frame_1116.jpg,1116.0,sad,42.098594653773944
frame_1117.jpg,1117.0,sad,48.58070909976959
frame_1118.jpg,1118.0,sad,55.639052391052246
frame_1119.jpg,1119.0,sad,68.16411397884917
frame_112.jpg,112.0,neutral,53.026297868865605
frame_1120.jpg,1120.0,sad,59.464774099872955
frame_1121.jpg,1121.0,sad,76.87059044837952
frame_1122.jpg,1122.0,sad,53.91018986701965
frame_1123.jpg,1123.0,sad,53.83562445640564
frame_1124.jpg,1124.0,sad,51.33466124534607
frame_1125.jpg,1125.0,sad,47.990038990974426
frame_1126.jpg,1126.0,sad,58.83498191833496
frame_1127.jpg,1127.0,sad,48.11308063424595
frame_1128.jpg,1128.0,sad,54.23791731821998
frame_1129.jpg,1129.0,sad,48.62256944179535
frame_113.jpg,113.0,neutral,59.9155068397522
frame_1130.jpg,1130.0,sad,51.43376299344081
frame_1131.jpg,1131.0,sad,64.48330667515437
frame_1132.jpg,1132.0,sad,35.938476678042214
frame_1133.jpg,1133.0,fear,27.54349708557129
frame_1134.jpg,1134.0,sad,69.67252854436296
frame_1135.jpg,1135.0,sad,53.174006938934326
frame_1136.jpg,1136.0,sad,77.74300575256348
frame_1137.jpg,1137.0,sad,92.06869602203369
frame_1138.jpg,1138.0,sad,80.6805658746103
frame_1139.jpg,1139.0,sad,72.15235233306885
frame_114.jpg,114.0,sad,32.90347754955292
frame_1140.jpg,1140.0,sad,78.01850438117981
frame_1141.jpg,1141.0,sad,65.24145007133484
frame_1142.jpg,1142.0,sad,56.182605028152466
frame_1143.jpg,1143.0,fear,75.43738337978026
frame_1144.jpg,1144.0,sad,48.235440254211426
frame_1145.jpg,1145.0,sad,58.787256479263306
frame_1146.jpg,1146.0,sad,65.08665084838867
frame_1147.jpg,1147.0,sad,57.110339403152466
frame_1148.jpg,1148.0,sad,56.44193108831604
frame_1149.jpg,1149.0,sad,74.887615442276
frame_115.jpg,115.0,sad,44.96150314807892
frame_1150.jpg,1150.0,sad,70.27919292449951
frame_1151.jpg,1151.0,fear,58.0815851688385
frame_1152.jpg,1152.0,sad,40.71104471153287
frame_1153.jpg,1153.0,sad,56.882768869400024
frame_1154.jpg,1154.0,sad,59.46115255355835
frame_1155.jpg,1155.0,sad,47.95708333934347
frame_1156.jpg,1156.0,sad,73.8589346408844
frame_1157.jpg,1157.0,sad,60.650163888931274
frame_1158.jpg,1158.0,sad,68.52598786354065
frame_1159.jpg,1159.0,fear,34.52603220939636
frame_116.jpg,116.0,neutral,42.05566299293417
frame_1160.jpg,1160.0,sad,45.34894581449678
frame_1161.jpg,1161.0,sad,77.86038385989569
frame_1162.jpg,1162.0,sad,66.09718799591064
frame_1163.jpg,1163.0,neutral,43.1374933205541
frame_1164.jpg,1164.0,surprise,67.91847348213196
frame_1165.jpg,1165.0,sad,47.89280618514941
frame_1166.jpg,1166.0,fear,54.14783954620361
frame_1167.jpg,1167.0,fear,45.421284437179565
frame_1168.jpg,1168.0,sad,52.63146162033081
frame_1169.jpg,1169.0,sad,61.55514121055603
frame_117.jpg,117.0,sad,56.179630756378174
frame_1170.jpg,1170.0,sad,61.100566387176514
frame_1171.jpg,1171.0,fear,46.66947682732067
frame_1172.jpg,1172.0,sad,45.004647970199585
frame_1173.jpg,1173.0,sad,48.98432493209839
frame_1174.jpg,1174.0,angry,34.100142121315
frame_1175.jpg,1175.0,sad,56.87701784098361
frame_1176.jpg,1176.0,sad,46.53167128562927
frame_1177.jpg,1177.0,sad,51.78781130459174
frame_1178.jpg,1178.0,fear,60.42834520339966
frame_1179.jpg,1179.0,sad,65.40602445602417
frame_118.jpg,118.0,neutral,43.25399020361784
frame_1180.jpg,1180.0,sad,71.79860472679138
frame_1181.jpg,1181.0,sad,43.83847117424011
frame_1182.jpg,1182.0,neutral,56.898993253707886
frame_1183.jpg,1183.0,sad,42.111676931381226
frame_1184.jpg,1184.0,sad,48.12710881233215
frame_1185.jpg,1185.0,sad,50.63621401786804
frame_1186.jpg,1186.0,sad,47.30376867100819
frame_1187.jpg,1187.0,sad,50.97234552933845
frame_1188.jpg,1188.0,sad,71.19671702384949
frame_1189.jpg,1189.0,sad,60.21613241530254
frame_119.jpg,119.0,neutral,49.16991884529107
frame_1190.jpg,1190.0,sad,41.960557231770224
frame_1191.jpg,1191.0,neutral,47.33468294143677
frame_1192.jpg,1192.0,sad,44.752633571624756
frame_1193.jpg,1193.0,sad,42.684951424598694
frame_1194.jpg,1194.0,sad,50.375837087631226
frame_1195.jpg,1195.0,sad,49.78776574134827
frame_1196.jpg,1196.0,sad,45.509881316437564
frame_1197.jpg,1197.0,sad,76.42947435379028
frame_1198.jpg,1198.0,sad,64.15881514549255
frame_1199.jpg,1199.0,sad,78.53096595591104
frame_12.jpg,12.0,sad,62.57031559944153
frame_120.jpg,120.0,sad,100.0
frame_1200.jpg,1200.0,sad,40.91230739208372
frame_1201.jpg,1201.0,sad,30.71746413215781
frame_1202.jpg,1202.0,sad,27.46352255344391
frame_1203.jpg,1203.0,sad,47.408903262876684
frame_1204.jpg,1204.0,fear,51.99654722172585
frame_1205.jpg,1205.0,sad,54.02317965168832
frame_1206.jpg,1206.0,sad,47.47525155544281
frame_1207.jpg,1207.0,sad,50.32524170429955
frame_1208.jpg,1208.0,sad,48.39015622256324
frame_1209.jpg,1209.0,sad,36.78796589374542
frame_121.jpg,121.0,neutral,91.78054928779602
frame_1210.jpg,1210.0,sad,38.49901854991913
frame_1211.jpg,1211.0,sad,42.52884641461649
frame_1212.jpg,1212.0,sad,50.605762004852295
frame_1213.jpg,1213.0,sad,85.79000234603882
frame_1214.jpg,1214.0,sad,62.35051603907156
frame_1215.jpg,1215.0,sad,49.72650706768036
frame_1216.jpg,1216.0,sad,54.545962268595424
frame_1217.jpg,1217.0,sad,100.0
frame_1218.jpg,1218.0,fear,59.64399576187134
frame_1219.jpg,1219.0,sad,38.79287474112956
frame_122.jpg,122.0,sad,54.781166004011986
frame_1220.jpg,1220.0,sad,37.566035985946655
frame_1221.jpg,1221.0,sad,72.19447327819307
frame_1222.jpg,1222.0,sad,67.56155490875244
frame_1223.jpg,1223.0,sad,79.5654738467367
frame_1224.jpg,1224.0,sad,65.6636893749237
frame_1225.jpg,1225.0,sad,64.94923830032349
frame_1226.jpg,1226.0,sad,80.13629198886704
frame_1227.jpg,1227.0,sad,66.72180891036987
frame_1228.jpg,1228.0,sad,71.02396911525543
frame_1229.jpg,1229.0,sad,65.79035316648203
frame_123.jpg,123.0,neutral,49.989679456987446
frame_1230.jpg,1230.0,sad,73.1130031481985
frame_1231.jpg,1231.0,sad,71.78898881608181
frame_1232.jpg,1232.0,sad,69.35742314800162
frame_1233.jpg,1233.0,sad,52.912068367004395
frame_1234.jpg,1234.0,sad,47.28028806682968
frame_1235.jpg,1235.0,sad,42.84413840244551
frame_1236.jpg,1236.0,sad,54.31251849606743
frame_1237.jpg,1237.0,sad,70.14844417572021
frame_1238.jpg,1238.0,neutral,39.77191746234894
frame_1239.jpg,1239.0,sad,70.6702470779419
frame_124.jpg,124.0,neutral,75.33388137817383
frame_1240.jpg,1240.0,sad,80.8509886264801
frame_1241.jpg,1241.0,sad,57.54812955856323
frame_1242.jpg,1242.0,angry,32.61898756027222
frame_1243.jpg,1243.0,sad,70.02585530281067
frame_1244.jpg,1244.0,neutral,60.42605638504028
frame_1245.jpg,1245.0,sad,51.08909606933594
frame_1246.jpg,1246.0,sad,55.859511392174795
frame_1247.jpg,1247.0,sad,59.17060727897926
frame_1248.jpg,1248.0,angry,57.28212340367576
frame_1249.jpg,1249.0,angry,42.26625057861202
frame_125.jpg,125.0,neutral,64.32678274235519
frame_1250.jpg,1250.0,sad,45.090290611403624
frame_1251.jpg,1251.0,neutral,29.706332087516785
frame_1252.jpg,1252.0,sad,77.03707081300442
frame_1253.jpg,1253.0,sad,65.06326794624329
frame_1254.jpg,1254.0,sad,48.67352247238159
frame_1255.jpg,1255.0,sad,57.27379322052002
frame_1256.jpg,1256.0,sad,53.26533356491728
frame_1257.jpg,1257.0,sad,43.872752055257806
frame_1258.jpg,1258.0,sad,55.95612859464458
frame_1259.jpg,1259.0,neutral,53.236251683682
frame_126.jpg,126.0,neutral,54.49411869049072
frame_1260.jpg,1260.0,sad,41.456986492039384
frame_1261.jpg,1261.0,sad,43.385907219160465
frame_1262.jpg,1262.0,sad,45.50634026527405
frame_1263.jpg,1263.0,sad,46.771833300590515
frame_1264.jpg,1264.0,neutral,51.862066984176636
frame_1265.jpg,1265.0,sad,45.97013390776303
frame_1266.jpg,1266.0,sad,50.115159160802314
frame_1267.jpg,1267.0,sad,47.811892367826985
frame_1268.jpg,1268.0,sad,48.5086919654975
frame_1269.jpg,1269.0,sad,52.1571159362793
frame_127.jpg,127.0,sad,45.55351734161377
frame_1270.jpg,1270.0,sad,48.384273052215576
frame_1271.jpg,1271.0,sad,44.09066140651703
frame_1272.jpg,1272.0,sad,38.70733841745119
frame_1273.jpg,1273.0,sad,59.78364944458008
frame_1274.jpg,1274.0,sad,58.53965878486633
frame_1275.jpg,1275.0,sad,57.911282777786255
frame_1276.jpg,1276.0,sad,52.99911814922798
frame_1277.jpg,1277.0,sad,60.23528338881036
frame_1278.jpg,1278.0,sad,53.47734010759828
frame_1279.jpg,1279.0,sad,53.36700677871704
frame_128.jpg,128.0,sad,43.809571862220764
frame_1280.jpg,1280.0,sad,48.41737747192383
frame_1281.jpg,1281.0,sad,52.502381801605225
frame_1282.jpg,1282.0,sad,56.52272701263428
frame_1283.jpg,1283.0,sad,51.218023968817235
frame_1284.jpg,1284.0,sad,46.89552187919617
frame_1285.jpg,1285.0,sad,60.42482256889343
frame_1286.jpg,1286.0,sad,45.579108068836696
frame_1287.jpg,1287.0,sad,52.54135727882385
frame_1288.jpg,1288.0,sad,46.28310799598694
frame_1289.jpg,1289.0,sad,61.380332708358765
frame_129.jpg,129.0,sad,48.09763729572296
frame_1290.jpg,1290.0,sad,64.8343780538069
frame_1291.jpg,1291.0,sad,55.68166375160217
frame_1292.jpg,1292.0,sad,47.33405113220215
frame_1293.jpg,1293.0,sad,56.88319206237793
frame_1294.jpg,1294.0,sad,62.65069842338562
frame_1295.jpg,1295.0,sad,56.00981187937401
frame_1296.jpg,1296.0,sad,46.59179151058197
frame_1297.jpg,1297.0,sad,53.75850521078737
frame_1298.jpg,1298.0,sad,55.146441170361115
frame_1299.jpg,1299.0,sad,64.78886008262634
frame_13.jpg,13.0,sad,52.70160154709825
frame_130.jpg,130.0,sad,42.68194139003754
frame_1300.jpg,1300.0,sad,75.20696220314953
frame_1301.jpg,1301.0,sad,55.33627931312076
frame_131.jpg,131.0,sad,51.61208510398865
frame_132.jpg,132.0,sad,54.38935160636902
frame_133.jpg,133.0,sad,43.97397339344025
frame_134.jpg,134.0,sad,48.184821009635925
frame_135.jpg,135.0,sad,50.57387345148641
frame_136.jpg,136.0,sad,48.61900500172406
frame_137.jpg,137.0,sad,52.21319794654846
frame_138.jpg,138.0,sad,46.487727761268616
frame_139.jpg,139.0,sad,47.099947929382324
frame_14.jpg,14.0,angry,40.57650380414679
frame_140.jpg,140.0,neutral,48.56023192405701
frame_141.jpg,141.0,neutral,45.99640369415283
frame_142.jpg,142.0,neutral,43.8580721616745
frame_143.jpg,143.0,sad,47.9356974363327
frame_144.jpg,144.0,sad,50.15828908433253
frame_145.jpg,145.0,sad,51.48451328277588
frame_146.jpg,146.0,sad,48.00540804862976
frame_147.jpg,147.0,sad,44.66514555604133
frame_148.jpg,148.0,neutral,44.825222471382915
frame_149.jpg,149.0,sad,43.68314667739232
frame_15.jpg,15.0,neutral,63.30711622876622
frame_150.jpg,150.0,neutral,46.628809377096964
frame_151.jpg,151.0,sad,68.5279130935669
frame_152.jpg,152.0,sad,50.424486348094185
frame_153.jpg,153.0,sad,59.35400128364563
frame_154.jpg,154.0,neutral,64.89362716674805
frame_155.jpg,155.0,neutral,52.630672015587805
frame_156.jpg,156.0,neutral,41.032400727272034
frame_157.jpg,157.0,sad,60.381720088822846
frame_158.jpg,158.0,sad,58.56143832206726
frame_159.jpg,159.0,sad,56.934696435928345
frame_16.jpg,16.0,sad,40.93476479856758
frame_160.jpg,160.0,sad,51.93507694424116
frame_161.jpg,161.0,sad,62.09966396097374
frame_162.jpg,162.0,sad,49.41222366167448
frame_163.jpg,163.0,sad,54.3315589427948
frame_164.jpg,164.0,sad,58.15051198005676
frame_165.jpg,165.0,neutral,65.70163778047112
frame_166.jpg,166.0,sad,45.39875686168671
frame_167.jpg,167.0,sad,49.594494700431824
frame_168.jpg,168.0,sad,73.84510948120243
frame_169.jpg,169.0,sad,63.049739599227905
frame_17.jpg,17.0,angry,40.372952818870544
frame_170.jpg,170.0,sad,75.9162962436676
frame_171.jpg,171.0,neutral,62.343841791152954
frame_172.jpg,172.0,sad,58.08209180831909
frame_173.jpg,173.0,sad,49.82529878616333
frame_174.jpg,174.0,neutral,55.29834032058716
frame_175.jpg,175.0,neutral,44.699469208717346
frame_176.jpg,176.0,neutral,43.5212641954422
frame_177.jpg,177.0,sad,59.50328466315774
frame_178.jpg,178.0,sad,80.85908889770508
frame_179.jpg,179.0,sad,53.14738750457764
frame_18.jpg,18.0,angry,57.62399778509127
frame_180.jpg,180.0,neutral,66.06388485812455
frame_181.jpg,181.0,neutral,66.39067530632019
frame_182.jpg,182.0,sad,54.590779542922974
frame_183.jpg,183.0,sad,59.64710231388835
frame_184.jpg,184.0,sad,41.63502356171046
frame_185.jpg,185.0,neutral,44.093433022499084
frame_186.jpg,186.0,sad,63.09475678770285
frame_187.jpg,187.0,sad,43.85217056896336
frame_188.jpg,188.0,sad,58.208633447722605
frame_189.jpg,189.0,sad,64.0451967716217
frame_19.jpg,19.0,sad,33.136969804763794
frame_190.jpg,190.0,sad,48.17915282497968
frame_191.jpg,191.0,neutral,46.60290777683258
frame_192.jpg,192.0,sad,78.21671962738037
frame_193.jpg,193.0,sad,55.56113123893738
frame_194.jpg,194.0,sad,62.86501731097492
frame_195.jpg,195.0,neutral,55.39275939550884
frame_196.jpg,196.0,sad,68.52280905978733
frame_197.jpg,197.0,sad,55.71478605270386
frame_198.jpg,198.0,sad,60.74404716491699
frame_199.jpg,199.0,sad,36.32182478904724
frame_2.jpg,2.0,angry,41.441379017665504
frame_20.jpg,20.0,sad,47.0392644405365
frame_200.jpg,200.0,neutral,57.81310200691223
frame_201.jpg,201.0,neutral,45.385944843292236
frame_202.jpg,202.0,sad,72.51336574554443
frame_203.jpg,203.0,sad,51.43647789955139
frame_204.jpg,204.0,neutral,51.80202701067603
frame_205.jpg,205.0,sad,51.38518197713113
frame_206.jpg,206.0,sad,49.52090084552765
frame_207.jpg,207.0,neutral,84.98178630958714
frame_208.jpg,208.0,sad,42.016997933387756
frame_209.jpg,209.0,sad,54.09541130065918
frame_21.jpg,21.0,sad,49.789828062057495
frame_210.jpg,210.0,sad,47.31372594833374
frame_211.jpg,211.0,neutral,47.79807925224304
frame_212.jpg,212.0,sad,51.22661590576172
frame_213.jpg,213.0,sad,37.29327619075775
frame_214.jpg,214.0,sad,56.23130798339844
frame_215.jpg,215.0,sad,50.08089840894332
frame_216.jpg,216.0,sad,49.87268149852753
frame_217.jpg,217.0,sad,47.25999864816682
frame_218.jpg,218.0,sad,42.4554318189621
frame_219.jpg,219.0,sad,68.16828630348607
frame_22.jpg,22.0,angry,44.125014543533325
frame_220.jpg,220.0,neutral,73.56574535369873
frame_221.jpg,221.0,sad,47.058940284378494
frame_222.jpg,222.0,neutral,43.64376664161682
frame_223.jpg,223.0,sad,49.25340712070465
frame_224.jpg,224.0,sad,55.53730130195618
frame_225.jpg,225.0,sad,50.46719903144848
frame_226.jpg,226.0,sad,55.001962184906006
frame_227.jpg,227.0,sad,49.68172311782837
frame_228.jpg,228.0,sad,60.84008812904358
frame_229.jpg,229.0,sad,48.66425395011902
frame_23.jpg,23.0,sad,58.241380243465926
frame_230.jpg,230.0,sad,54.3440043926239
frame_231.jpg,231.0,neutral,46.798866987228394
frame_232.jpg,232.0,sad,50.344637056865515
frame_233.jpg,233.0,sad,48.63116145133972
frame_234.jpg,234.0,neutral,65.38080962781963
frame_235.jpg,235.0,sad,55.678945779800415
frame_236.jpg,236.0,neutral,45.28214633464813
frame_237.jpg,237.0,neutral,61.006587743759155
frame_238.jpg,238.0,sad,56.34394027852656
frame_239.jpg,239.0,sad,49.18716251850128
frame_24.jpg,24.0,neutral,75.02636611147331
frame_240.jpg,240.0,neutral,68.3493971824646
frame_241.jpg,241.0,sad,53.78650747457191
frame_242.jpg,242.0,sad,76.47020501253544
frame_243.jpg,243.0,sad,64.5761489868164
frame_244.jpg,244.0,neutral,55.103182792663574
frame_245.jpg,245.0,sad,84.16832089424133
frame_246.jpg,246.0,sad,67.50123500823975
frame_247.jpg,247.0,sad,45.25169645280179
frame_248.jpg,248.0,sad,63.36383819580078
frame_249.jpg,249.0,sad,58.052486181259155
frame_25.jpg,25.0,sad,32.865604758262634
frame_250.jpg,250.0,sad,51.1123000249505
frame_251.jpg,251.0,sad,53.671094994014204
frame_252.jpg,252.0,sad,61.989885568618774
frame_253.jpg,253.0,sad,67.02669662396292
frame_254.jpg,254.0,sad,60.33823849786749
frame_255.jpg,255.0,sad,57.69637914852847
frame_256.jpg,256.0,neutral,43.403606820536474
frame_257.jpg,257.0,neutral,50.16535520553589
frame_258.jpg,258.0,sad,78.76152992248535
frame_259.jpg,259.0,sad,97.37528562545776
frame_26.jpg,26.0,sad,40.394671606382325
frame_260.jpg,260.0,sad,82.85188674926758
frame_261.jpg,261.0,sad,89.6666944026947
frame_262.jpg,262.0,sad,84.46760773658752
frame_263.jpg,263.0,sad,83.83913828860065
frame_264.jpg,264.0,sad,92.60332540293487
frame_265.jpg,265.0,sad,75.60359239578247
frame_266.jpg,266.0,sad,54.29607033729553
frame_267.jpg,267.0,sad,57.151466608047485
frame_268.jpg,268.0,sad,57.295942306518555
frame_269.jpg,269.0,sad,62.71699070930481
frame_27.jpg,27.0,sad,39.17763531208038
frame_270.jpg,270.0,sad,45.68705312167965
frame_271.jpg,271.0,sad,59.475964307785034
frame_272.jpg,272.0,sad,60.17758846282959
frame_273.jpg,273.0,sad,55.17506661117871
frame_274.jpg,274.0,sad,80.79044704380316
frame_275.jpg,275.0,sad,63.432592153549194
frame_276.jpg,276.0,sad,57.75718688964844
frame_277.jpg,277.0,sad,67.60648488998413
frame_278.jpg,278.0,sad,69.81348991394043
frame_279.jpg,279.0,sad,72.68092632293701
frame_28.jpg,28.0,sad,40.07360339164734
frame_280.jpg,280.0,sad,63.766855001449585
frame_281.jpg,281.0,sad,56.26248046607012
frame_282.jpg,282.0,sad,51.44873857498169
frame_283.jpg,283.0,sad,60.08933544691416
frame_284.jpg,284.0,sad,59.818774461746216
frame_285.jpg,285.0,sad,49.976420402526855
frame_286.jpg,286.0,sad,60.752210661900676
frame_287.jpg,287.0,sad,56.25435709953308
frame_288.jpg,288.0,sad,50.16787648200989
frame_289.jpg,289.0,sad,50.881487131118774
frame_29.jpg,29.0,sad,46.88775837421417
frame_290.jpg,290.0,sad,46.222683787345886
frame_291.jpg,291.0,sad,50.73876087300544
frame_292.jpg,292.0,sad,50.008684396743774
frame_293.jpg,293.0,sad,59.39865466348259
frame_294.jpg,294.0,sad,45.380910955721795
frame_295.jpg,295.0,sad,49.898117780685425
frame_296.jpg,296.0,sad,59.37433354548616
frame_297.jpg,297.0,sad,59.19039845466614
frame_298.jpg,298.0,sad,43.341222405433655
frame_299.jpg,299.0,sad,58.55734101279622
frame_3.jpg,3.0,angry,44.36522722244263
frame_30.jpg,30.0,fear,42.75321662425995
frame_300.jpg,300.0,sad,55.102160877118166
frame_301.jpg,301.0,angry,48.835888643754885
frame_302.jpg,302.0,sad,47.58038847680229
frame_303.jpg,303.0,sad,44.64695123713918
frame_304.jpg,304.0,sad,51.35719180107117
frame_305.jpg,305.0,sad,69.36510801315308
frame_306.jpg,306.0,sad,55.004558265480895
frame_307.jpg,307.0,sad,48.343247175216675
frame_308.jpg,308.0,neutral,47.4356472492218
frame_309.jpg,309.0,sad,57.21362233161926
frame_31.jpg,31.0,sad,57.40700960159302
frame_310.jpg,310.0,sad,78.16694378852844
frame_311.jpg,311.0,sad,90.37418961524963
frame_312.jpg,312.0,sad,76.83631777763367
frame_313.jpg,313.0,sad,88.19828770181087
frame_314.jpg,314.0,sad,74.55022931098938
frame_315.jpg,315.0,fear,43.442097306251526
frame_316.jpg,316.0,sad,55.19243211701108
frame_317.jpg,317.0,sad,85.37355239706606
frame_318.jpg,318.0,sad,86.40510601936506
frame_319.jpg,319.0,sad,83.18294882774353
frame_32.jpg,32.0,sad,55.13346730071696
frame_320.jpg,320.0,sad,80.0219476222992
frame_321.jpg,321.0,sad,79.39596772193909
frame_322.jpg,322.0,sad,93.46789717674255
frame_323.jpg,323.0,sad,92.54148602485657
frame_324.jpg,324.0,sad,81.89062692038692
frame_325.jpg,325.0,sad,74.77401494979858
frame_326.jpg,326.0,sad,67.45794623588874
frame_327.jpg,327.0,sad,61.82401548767182
frame_328.jpg,328.0,sad,53.18576097488403
frame_329.jpg,329.0,sad,57.040876150131226
frame_33.jpg,33.0,sad,44.967591762542725
frame_330.jpg,330.0,sad,48.609617269612386
frame_331.jpg,331.0,sad,79.31271195411682
frame_332.jpg,332.0,sad,81.01544863077692
frame_333.jpg,333.0,sad,85.03039986076354
frame_334.jpg,334.0,sad,79.04941093332637
frame_335.jpg,335.0,sad,67.58179068565369
frame_336.jpg,336.0,sad,57.407766580581665
frame_337.jpg,337.0,sad,41.667696833610535
frame_338.jpg,338.0,sad,67.38119526989432
frame_339.jpg,339.0,sad,72.62827754020691
frame_34.jpg,34.0,sad,47.465744614601135
frame_340.jpg,340.0,sad,73.4478235244751
frame_341.jpg,341.0,sad,86.16967797279358
frame_342.jpg,342.0,sad,61.25967964414601
frame_343.jpg,343.0,sad,63.17075490951538
frame_344.jpg,344.0,sad,59.24150347709656
frame_345.jpg,345.0,sad,53.945964104418266
frame_346.jpg,346.0,sad,52.830493450164795
frame_347.jpg,347.0,sad,72.21601936626203
frame_348.jpg,348.0,sad,88.36405665231764
frame_349.jpg,349.0,sad,84.02116894721985
frame_35.jpg,35.0,sad,68.028724193573
frame_350.jpg,350.0,sad,79.69014644622803
frame_351.jpg,351.0,sad,83.68654153862843
frame_352.jpg,352.0,sad,71.61020040512085
frame_353.jpg,353.0,sad,84.97564792633057
frame_354.jpg,354.0,sad,75.46225043906274
frame_355.jpg,355.0,sad,75.04737377166748
frame_356.jpg,356.0,sad,51.82724307937879
frame_357.jpg,357.0,sad,59.51856970787048
frame_358.jpg,358.0,sad,84.12172699700159
frame_359.jpg,359.0,sad,79.0867567062378
frame_36.jpg,36.0,sad,42.280855774879456
frame_360.jpg,360.0,sad,60.03168225288391
frame_361.jpg,361.0,sad,87.55746409639502
frame_362.jpg,362.0,sad,90.91814702261371
frame_363.jpg,363.0,sad,86.18137240409851
frame_364.jpg,364.0,sad,65.37116169929504
frame_365.jpg,365.0,sad,65.41187763214111
frame_366.jpg,366.0,sad,62.36995234310343
frame_367.jpg,367.0,sad,66.91766381263733
frame_368.jpg,368.0,sad,72.9361355304718
frame_369.jpg,369.0,sad,51.526135206222534
frame_37.jpg,37.0,sad,58.4120606429613
frame_370.jpg,370.0,sad,86.3217107249326
frame_371.jpg,371.0,sad,80.14843227248576
frame_372.jpg,372.0,sad,88.74118328094482
frame_373.jpg,373.0,sad,86.98410391807556
frame_374.jpg,374.0,sad,57.23108649253845
frame_375.jpg,375.0,sad,54.675524869498624
frame_376.jpg,376.0,sad,45.43818506230027
frame_377.jpg,377.0,sad,56.49436712265015
frame_378.jpg,378.0,sad,69.03790235519409
frame_379.jpg,379.0,sad,70.4173172017714
frame_38.jpg,38.0,neutral,56.82289004325867
frame_380.jpg,380.0,sad,67.69050570613214
frame_381.jpg,381.0,sad,74.040196778786
frame_382.jpg,382.0,sad,65.1319146156311
frame_383.jpg,383.0,sad,51.310259103775024
frame_384.jpg,384.0,sad,47.87727569070765
frame_385.jpg,385.0,fear,40.37762697009719
frame_386.jpg,386.0,sad,61.07215881347656
frame_387.jpg,387.0,sad,86.26953363418579
frame_388.jpg,388.0,sad,71.05636596679688
frame_389.jpg,389.0,sad,51.76939943201549
frame_39.jpg,39.0,neutral,46.287563000626925
frame_390.jpg,390.0,sad,56.12249301403844
frame_391.jpg,391.0,sad,61.95778250694275
frame_392.jpg,392.0,sad,59.95093584060669
frame_393.jpg,393.0,sad,60.976766231445524
frame_394.jpg,394.0,sad,55.77350854873657
frame_395.jpg,395.0,sad,67.36297607421875
frame_396.jpg,396.0,sad,67.24730339614193
frame_397.jpg,397.0,sad,58.30001136064394
frame_398.jpg,398.0,sad,70.83567455452821
frame_399.jpg,399.0,sad,57.03296661376953
frame_4.jpg,4.0,angry,36.98286271299568
frame_40.jpg,40.0,fear,58.25567147068126
frame_400.jpg,400.0,sad,75.98345279693604
frame_401.jpg,401.0,sad,71.93082571029663
frame_402.jpg,402.0,sad,46.593138575553894
frame_403.jpg,403.0,sad,38.47251236438751
frame_404.jpg,404.0,sad,53.6924187770389
frame_405.jpg,405.0,sad,52.099570757125065
frame_406.jpg,406.0,sad,46.60903255831807
frame_407.jpg,407.0,sad,38.22148968109427
frame_408.jpg,408.0,sad,48.721110820770264
frame_409.jpg,409.0,sad,40.52948838823895
frame_41.jpg,41.0,sad,68.33441257476807
frame_410.jpg,410.0,sad,45.94578742980957
frame_411.jpg,411.0,neutral,38.34228515625
frame_412.jpg,412.0,sad,39.46179747581482
frame_413.jpg,413.0,neutral,44.489139975411895
frame_414.jpg,414.0,fear,57.71002769470215
frame_415.jpg,415.0,angry,81.63160900692833
frame_416.jpg,416.0,neutral,30.74905574321747
frame_417.jpg,417.0,sad,68.11367273330688
frame_418.jpg,418.0,fear,41.00848543542797
frame_419.jpg,419.0,angry,46.75305447018796
frame_42.jpg,42.0,sad,67.61633157730103
frame_420.jpg,420.0,fear,70.76729187575482
frame_421.jpg,421.0,neutral,73.11453223228455
frame_422.jpg,422.0,sad,71.55048847198486
frame_423.jpg,423.0,sad,67.99608254479378
frame_424.jpg,424.0,sad,49.453151193448974
frame_425.jpg,425.0,sad,42.47395694255829
frame_426.jpg,426.0,sad,42.360636591911316
frame_427.jpg,427.0,sad,43.889522552490234
frame_428.jpg,428.0,fear,57.74115324020386
frame_429.jpg,429.0,fear,65.14909059697929
frame_43.jpg,43.0,fear,43.950748443603516
frame_430.jpg,430.0,sad,40.960073471069336
frame_431.jpg,431.0,sad,49.89707171916962
frame_432.jpg,432.0,sad,60.53730249404907
frame_433.jpg,433.0,sad,92.71623492240906
frame_434.jpg,434.0,sad,85.95608472824097
frame_435.jpg,435.0,sad,76.06621980667114
frame_436.jpg,436.0,sad,76.10118246681586
frame_437.jpg,437.0,sad,45.75470983982086
frame_438.jpg,438.0,sad,87.91709542274475
frame_439.jpg,439.0,sad,78.5671055316925
frame_44.jpg,44.0,sad,48.10007489920555
frame_440.jpg,440.0,sad,80.4883599281311
frame_441.jpg,441.0,sad,60.659992694854736
frame_442.jpg,442.0,sad,61.86540126800537
frame_443.jpg,443.0,sad,45.283886790275574
frame_444.jpg,444.0,neutral,49.77053105831146
frame_445.jpg,445.0,sad,49.573126435279846
frame_446.jpg,446.0,neutral,46.88699245452881
frame_447.jpg,447.0,sad,61.06899380683899
frame_448.jpg,448.0,sad,71.46230340003967
frame_449.jpg,449.0,sad,58.437849096995485
frame_45.jpg,45.0,angry,34.51511561870575
frame_450.jpg,450.0,sad,47.779399421286655
frame_451.jpg,451.0,sad,37.9124306388158
frame_452.jpg,452.0,sad,51.349443197250366
frame_453.jpg,453.0,neutral,33.8020384311676
frame_454.jpg,454.0,fear,73.18111658096313
frame_455.jpg,455.0,sad,89.23094272613525
frame_456.jpg,456.0,sad,83.3328902721405
frame_457.jpg,457.0,sad,82.17080448021835
frame_458.jpg,458.0,sad,59.27916169166565
frame_459.jpg,459.0,sad,70.42555565529398
frame_46.jpg,46.0,sad,43.008118867874146
frame_460.jpg,460.0,sad,77.71304249763489
frame_461.jpg,461.0,sad,52.5764641074581
frame_462.jpg,462.0,fear,58.121029026569666
frame_463.jpg,463.0,sad,54.850125312805176
frame_464.jpg,464.0,sad,68.9968466758728
frame_465.jpg,465.0,sad,57.1691632270813
frame_466.jpg,466.0,sad,61.20906837040594
frame_467.jpg,467.0,sad,66.31665229797363
frame_468.jpg,468.0,sad,81.6839792351698
frame_469.jpg,469.0,sad,73.55979084968567
frame_47.jpg,47.0,sad,58.998674154281616
frame_470.jpg,470.0,sad,93.71146559715271
frame_471.jpg,471.0,sad,87.34205961227417
frame_472.jpg,472.0,sad,85.01650094985962
frame_473.jpg,473.0,neutral,51.225608587265015
frame_474.jpg,474.0,sad,49.7209101749009
frame_475.jpg,475.0,sad,70.12410163879395
frame_476.jpg,476.0,sad,70.07816255558507
frame_477.jpg,477.0,sad,33.54411619375751
frame_478.jpg,478.0,neutral,45.80029597278882
frame_479.jpg,479.0,sad,41.18684530258179
frame_48.jpg,48.0,neutral,64.56393599510193
frame_480.jpg,480.0,neutral,57.59148597717285
frame_481.jpg,481.0,neutral,64.45764091358429
frame_482.jpg,482.0,sad,86.6964340209961
frame_483.jpg,483.0,sad,84.701080953946
frame_484.jpg,484.0,sad,87.18327283859253
frame_485.jpg,485.0,sad,77.31620073318481
frame_486.jpg,486.0,sad,61.98853850364685
frame_487.jpg,487.0,sad,81.04799019718287
frame_488.jpg,488.0,sad,78.31574082374573
frame_489.jpg,489.0,sad,66.30364060401917
frame_49.jpg,49.0,neutral,63.6461079120636
frame_490.jpg,490.0,sad,56.85317516326904
frame_491.jpg,491.0,sad,77.11527943611145
frame_492.jpg,492.0,sad,78.82329821586609
frame_493.jpg,493.0,sad,47.949105745660574
frame_494.jpg,494.0,neutral,44.14732684461198
frame_495.jpg,495.0,sad,42.51736402511597
frame_496.jpg,496.0,neutral,61.05259656906128
frame_497.jpg,497.0,sad,78.54211330413818
frame_498.jpg,498.0,neutral,46.645000177025814
frame_499.jpg,499.0,sad,86.74222151888738
frame_5.jpg,5.0,sad,38.3179442069464
frame_50.jpg,50.0,sad,77.81272994355737
frame_500.jpg,500.0,sad,86.10684788863945
frame_501.jpg,501.0,sad,78.15136909484863
frame_502.jpg,502.0,surprise,38.79222273826599
frame_503.jpg,503.0,sad,51.62843465805054
frame_504.jpg,504.0,neutral,57.35299674904308
frame_505.jpg,505.0,sad,62.033796310424805
frame_506.jpg,506.0,fear,50.83552598953247
frame_507.jpg,507.0,sad,55.259764821501356
frame_508.jpg,508.0,sad,60.667840282192245
frame_509.jpg,509.0,sad,63.787662982940674
frame_51.jpg,51.0,sad,62.247190609406864
frame_510.jpg,510.0,sad,57.963162660598755
frame_511.jpg,511.0,sad,86.39915585517883
frame_512.jpg,512.0,fear,50.47973990440369
frame_513.jpg,513.0,sad,75.63368678092957
frame_514.jpg,514.0,sad,63.48961970148204
frame_515.jpg,515.0,sad,69.34862502233683
frame_516.jpg,516.0,sad,72.06583952118879
frame_517.jpg,517.0,sad,43.34710915719162
frame_518.jpg,518.0,sad,38.83407413959503
frame_519.jpg,519.0,sad,48.511385917663574
frame_52.jpg,52.0,sad,53.005874156951904
frame_520.jpg,520.0,sad,47.07408845424652
frame_521.jpg,521.0,sad,46.099600195884705
frame_522.jpg,522.0,sad,75.87533880766168
frame_523.jpg,523.0,sad,55.00292718375597
frame_524.jpg,524.0,sad,38.33518624305725
frame_525.jpg,525.0,sad,58.35084666912834
frame_526.jpg,526.0,sad,63.43842584628751
frame_527.jpg,527.0,sad,71.99827432632446
frame_528.jpg,528.0,sad,58.908770019338725
frame_529.jpg,529.0,sad,62.11674213409424
frame_53.jpg,53.0,sad,49.111461533482256
frame_530.jpg,530.0,sad,70.37562727928162
frame_531.jpg,531.0,sad,72.88033962249756
frame_532.jpg,532.0,sad,64.04195809614409
frame_533.jpg,533.0,sad,50.898066216591964
frame_534.jpg,534.0,sad,90.19362926483154
frame_535.jpg,535.0,sad,91.97006225585938
frame_536.jpg,536.0,sad,85.34467816352844
frame_537.jpg,537.0,sad,75.0494629203633
frame_538.jpg,538.0,sad,77.60947675817928
frame_539.jpg,539.0,sad,67.4845814704895
frame_54.jpg,54.0,sad,40.92750793263363
frame_540.jpg,540.0,neutral,62.15637922286987
frame_541.jpg,541.0,sad,64.99946892255174
frame_542.jpg,542.0,fear,44.06347572803497
frame_543.jpg,543.0,sad,37.0652437210083
frame_544.jpg,544.0,sad,68.52924227714539
frame_545.jpg,545.0,sad,86.90457187945508
frame_546.jpg,546.0,sad,36.059731245040894
frame_547.jpg,547.0,sad,58.638643188638305
frame_548.jpg,548.0,sad,47.585493326187134
frame_549.jpg,549.0,sad,44.021243569702676
frame_55.jpg,55.0,neutral,55.901244634464064
frame_550.jpg,550.0,sad,82.85195129227348
frame_551.jpg,551.0,sad,91.9753909111023
frame_552.jpg,552.0,sad,73.53692650794983
frame_553.jpg,553.0,sad,68.4876799583435
frame_554.jpg,554.0,sad,50.25120973587036
frame_555.jpg,555.0,sad,44.17441785335541
frame_556.jpg,556.0,sad,58.95259380340576
frame_557.jpg,557.0,sad,66.59920811653137
frame_558.jpg,558.0,sad,56.39858841896057
frame_559.jpg,559.0,sad,67.96694993972778
frame_56.jpg,56.0,angry,31.849506497383118
frame_560.jpg,560.0,sad,66.7500376701355
frame_561.jpg,561.0,sad,80.68583607673645
frame_562.jpg,562.0,sad,46.43016755580902
frame_563.jpg,563.0,sad,60.92182397842407
frame_564.jpg,564.0,sad,50.99912881851196
frame_565.jpg,565.0,sad,52.02978849411011
frame_566.jpg,566.0,fear,40.88587164878845
frame_567.jpg,567.0,sad,76.2974739074707
frame_568.jpg,568.0,sad,82.49047994613647
frame_569.jpg,569.0,sad,92.83627357050496
frame_57.jpg,57.0,sad,56.17606974697529
frame_570.jpg,570.0,sad,89.81672525405884
frame_571.jpg,571.0,sad,89.18614387512207
frame_572.jpg,572.0,sad,56.35186433792114
frame_573.jpg,573.0,sad,52.25885821931709
frame_574.jpg,574.0,sad,62.30209469795227
frame_575.jpg,575.0,sad,40.44532718928618
frame_576.jpg,576.0,sad,61.48137313349567
frame_577.jpg,577.0,sad,47.16125990882634
frame_578.jpg,578.0,sad,66.39407873153687
frame_579.jpg,579.0,sad,65.37821292877197
frame_58.jpg,58.0,sad,59.42205786705017
frame_580.jpg,580.0,sad,58.57838145365604
frame_581.jpg,581.0,sad,62.934975274208156
frame_582.jpg,582.0,sad,62.1901906842107
frame_583.jpg,583.0,fear,42.704739297001275
frame_584.jpg,584.0,sad,50.66890128480211
frame_585.jpg,585.0,sad,68.12047958374023
frame_586.jpg,586.0,sad,46.56878750696331
frame_587.jpg,587.0,sad,54.50518727302551
frame_588.jpg,588.0,sad,45.583322380979205
frame_589.jpg,589.0,sad,71.93644642829895
frame_59.jpg,59.0,sad,38.37788243557424
frame_590.jpg,590.0,sad,62.99026608467102
frame_591.jpg,591.0,sad,47.334813912797806
frame_592.jpg,592.0,sad,43.55483055114746
frame_593.jpg,593.0,neutral,56.959402561187744
frame_594.jpg,594.0,sad,79.53727841377258
frame_595.jpg,595.0,sad,92.72611737251282
frame_596.jpg,596.0,sad,50.83591341972351
frame_597.jpg,597.0,sad,50.1014769077301
frame_598.jpg,598.0,sad,43.036630749702454
frame_599.jpg,599.0,sad,78.60787979411363
frame_6.jpg,6.0,angry,40.73939731843503
frame_60.jpg,60.0,angry,36.35545535618599
frame_600.jpg,600.0,sad,66.81820750236511
frame_601.jpg,601.0,sad,96.741783618927
frame_602.jpg,602.0,sad,85.24934649467468
frame_603.jpg,603.0,sad,75.96811056137085
frame_604.jpg,604.0,sad,59.68363044760409
frame_605.jpg,605.0,sad,61.0187328468998
frame_606.jpg,606.0,sad,47.92909622192383
frame_607.jpg,607.0,fear,78.75133030124488
frame_608.jpg,608.0,sad,56.007328987558424
frame_609.jpg,609.0,sad,59.91880775465873
frame_61.jpg,61.0,sad,46.27763375310496
frame_610.jpg,610.0,sad,48.26159179210663
frame_611.jpg,611.0,sad,58.07594060897827
frame_612.jpg,612.0,sad,76.9149706909043
frame_613.jpg,613.0,sad,87.13511228561401
frame_614.jpg,614.0,sad,67.08116923795113
frame_615.jpg,615.0,sad,42.845797538757324
frame_616.jpg,616.0,sad,46.85308299697435
frame_617.jpg,617.0,sad,35.74400544166565
frame_618.jpg,618.0,sad,49.623328424890545
frame_619.jpg,619.0,sad,62.19058182127259
frame_62.jpg,62.0,sad,52.26931571960449
frame_620.jpg,620.0,neutral,44.887652383762884
frame_621.jpg,621.0,sad,33.72815251350403
frame_622.jpg,622.0,fear,53.48171591758728
frame_623.jpg,623.0,sad,80.07033348502716
frame_624.jpg,624.0,sad,85.86363196372986
frame_625.jpg,625.0,sad,51.67888402938843
frame_626.jpg,626.0,angry,34.50314813889839
frame_627.jpg,627.0,fear,37.47031092643738
frame_628.jpg,628.0,sad,69.72863493732422
frame_629.jpg,629.0,sad,67.24785566329956
frame_63.jpg,63.0,sad,38.216766715049744
frame_630.jpg,630.0,sad,70.87925672531128
frame_631.jpg,631.0,sad,50.46430826187134
frame_632.jpg,632.0,sad,67.21630692481995
frame_633.jpg,633.0,sad,79.6526551246643
frame_634.jpg,634.0,sad,87.16426491737366
frame_635.jpg,635.0,sad,65.31012654304504
frame_636.jpg,636.0,angry,46.15461528301239
frame_637.jpg,637.0,sad,77.58488326252899
frame_638.jpg,638.0,sad,56.62454962730408
frame_639.jpg,639.0,sad,59.933559902482045
frame_64.jpg,64.0,sad,46.787336085717214
frame_640.jpg,640.0,sad,43.88294219970703
frame_641.jpg,641.0,sad,51.04556083679199
frame_642.jpg,642.0,sad,51.22292943137464
frame_643.jpg,643.0,sad,47.526511549949646
frame_644.jpg,644.0,sad,48.68861452476805
frame_645.jpg,645.0,sad,40.548428893089294
frame_646.jpg,646.0,sad,84.07341241836548
frame_647.jpg,647.0,sad,89.36381213233615
frame_648.jpg,648.0,sad,88.16827990630625
frame_649.jpg,649.0,sad,85.53944143888005
frame_65.jpg,65.0,sad,78.48212718963623
frame_650.jpg,650.0,sad,66.31158985564649
frame_651.jpg,651.0,sad,75.84258173957954
frame_652.jpg,652.0,sad,44.05578672885895
frame_653.jpg,653.0,neutral,41.11395286155309
frame_654.jpg,654.0,sad,75.57328939437866
frame_655.jpg,655.0,sad,67.42091178894043
frame_656.jpg,656.0,sad,49.70403611660004
frame_657.jpg,657.0,fear,30.28956949710846
frame_658.jpg,658.0,sad,54.74464297294617
frame_659.jpg,659.0,sad,66.80146851522106
frame_66.jpg,66.0,sad,76.88629031181335
frame_660.jpg,660.0,sad,53.65874767303467
frame_661.jpg,661.0,sad,78.00935375746214
frame_662.jpg,662.0,sad,41.97157621383667
frame_663.jpg,663.0,sad,47.92053985122084
frame_664.jpg,664.0,neutral,45.55796980857849
frame_665.jpg,665.0,sad,39.127546548843384
frame_666.jpg,666.0,sad,63.90194892883301
frame_667.jpg,667.0,sad,81.47484064102173
frame_668.jpg,668.0,sad,72.57183790206909
frame_669.jpg,669.0,sad,42.14980900287628
frame_67.jpg,67.0,sad,69.47115063667297
frame_670.jpg,670.0,fear,41.32644482412606
frame_671.jpg,671.0,sad,55.56744403451014
frame_672.jpg,672.0,sad,60.47429442405701
frame_673.jpg,673.0,sad,73.91103506088257
frame_674.jpg,674.0,sad,84.19105002986788
frame_675.jpg,675.0,sad,52.530062198638916
frame_676.jpg,676.0,sad,62.439197301864624
frame_677.jpg,677.0,sad,73.45240712165833
frame_678.jpg,678.0,sad,64.75294828414917
frame_679.jpg,679.0,sad,47.928473353385925
frame_68.jpg,68.0,sad,50.65096322601814
frame_680.jpg,680.0,sad,44.164589047431946
frame_681.jpg,681.0,fear,84.57222580909729
frame_682.jpg,682.0,fear,54.67268228530884
frame_683.jpg,683.0,sad,83.31953883171082
frame_684.jpg,684.0,sad,53.87536837156196
frame_685.jpg,685.0,sad,45.85757602958965
frame_686.jpg,686.0,sad,58.77308249473572
frame_687.jpg,687.0,sad,79.63734865188599
frame_688.jpg,688.0,sad,74.57904512632432
frame_689.jpg,689.0,sad,89.3277274760875
frame_69.jpg,69.0,fear,47.49739468097687
frame_690.jpg,690.0,sad,66.71042243900433
frame_691.jpg,691.0,sad,59.36453938484192
frame_692.jpg,692.0,angry,38.44460844993591
frame_693.jpg,693.0,sad,32.01151573795268
frame_694.jpg,694.0,sad,74.4570047310585
frame_695.jpg,695.0,sad,82.82730784090664
frame_696.jpg,696.0,sad,81.71250820159912
frame_697.jpg,697.0,sad,79.11343450030294
frame_698.jpg,698.0,sad,68.98345351219177
frame_699.jpg,699.0,sad,64.0721082687378
frame_7.jpg,7.0,sad,44.122859835624695
frame_70.jpg,70.0,sad,62.30274438858032
frame_700.jpg,700.0,sad,53.65428328514099
frame_701.jpg,701.0,sad,41.50970679405847
frame_702.jpg,702.0,sad,47.582146525382996
frame_703.jpg,703.0,sad,42.010622264220984
frame_704.jpg,704.0,sad,64.4003468037065
frame_705.jpg,705.0,sad,68.79113092528213
frame_706.jpg,706.0,sad,89.3411325622955
frame_707.jpg,707.0,sad,72.28260040283203
frame_708.jpg,708.0,sad,70.22363366029464
frame_709.jpg,709.0,neutral,43.08651685714722
frame_71.jpg,71.0,sad,60.95253825187683
frame_710.jpg,710.0,sad,57.044023275375366
frame_711.jpg,711.0,fear,52.42636203765869
frame_712.jpg,712.0,sad,39.95125769987794
frame_713.jpg,713.0,sad,39.4264280796051
frame_714.jpg,714.0,sad,41.10656380653381
frame_715.jpg,715.0,sad,65.18886089324951
frame_716.jpg,716.0,sad,56.84559345245361
frame_717.jpg,717.0,sad,61.857932806015015
frame_718.jpg,718.0,sad,59.308987855911255
frame_719.jpg,719.0,angry,58.518857779366705
frame_72.jpg,72.0,sad,61.034709215164185
frame_720.jpg,720.0,neutral,58.93409848213196
frame_721.jpg,721.0,sad,73.15125901408547
frame_722.jpg,722.0,sad,80.80103650111613
frame_723.jpg,723.0,sad,76.81490778923035
frame_724.jpg,724.0,sad,77.59948968887329
frame_725.jpg,725.0,sad,87.629871823184
frame_726.jpg,726.0,sad,54.24879789352417
frame_727.jpg,727.0,sad,55.62749572128006
frame_728.jpg,728.0,sad,85.57875752449036
frame_729.jpg,729.0,sad,76.02795958518982
frame_73.jpg,73.0,sad,69.35427188873291
frame_730.jpg,730.0,sad,81.82900547981262
frame_731.jpg,731.0,sad,71.33224264767678
frame_732.jpg,732.0,sad,83.61747763261066
frame_733.jpg,733.0,sad,89.4400013160704
frame_734.jpg,734.0,sad,66.67879223823547
frame_735.jpg,735.0,sad,84.5934510231018
frame_736.jpg,736.0,sad,70.42342844149044
frame_737.jpg,737.0,sad,90.07220805121709
frame_738.jpg,738.0,sad,81.39304296887433
frame_739.jpg,739.0,sad,57.666975259780884
frame_74.jpg,74.0,sad,56.7562460899353
frame_740.jpg,740.0,sad,70.76344242531748
frame_741.jpg,741.0,sad,88.05016875267029
frame_742.jpg,742.0,sad,76.5870676390569
frame_743.jpg,743.0,sad,82.3015034198761
frame_744.jpg,744.0,sad,86.49786034213665
frame_745.jpg,745.0,sad,52.572834491729736
frame_746.jpg,746.0,sad,52.64562368392944
frame_747.jpg,747.0,sad,59.27574634552002
frame_748.jpg,748.0,sad,49.391636216141954
frame_749.jpg,749.0,sad,52.80831456184387
frame_75.jpg,75.0,fear,62.13671565055847
frame_750.jpg,750.0,sad,72.88340057332509
frame_751.jpg,751.0,sad,81.9909713279043
frame_752.jpg,752.0,sad,68.8272476196289
frame_753.jpg,753.0,sad,77.7430772781372
frame_754.jpg,754.0,neutral,46.04205787181854
frame_755.jpg,755.0,sad,53.7567253402799
frame_756.jpg,756.0,sad,50.75748865351013
frame_757.jpg,757.0,sad,41.46981239318848
frame_758.jpg,758.0,sad,42.652111807591425
frame_759.jpg,759.0,sad,59.06662344932556
frame_76.jpg,76.0,sad,77.26171016693115
frame_760.jpg,760.0,sad,44.03318535885985
frame_761.jpg,761.0,sad,67.96019077301025
frame_762.jpg,762.0,sad,57.594841718673706
frame_763.jpg,763.0,neutral,52.62750104829675
frame_764.jpg,764.0,neutral,46.570110729919584
frame_765.jpg,765.0,sad,79.56829910656225
frame_766.jpg,766.0,sad,51.76895260810852
frame_767.jpg,767.0,sad,61.77124381065369
frame_768.jpg,768.0,sad,40.30075313453395
frame_769.jpg,769.0,sad,52.1766574488078
frame_77.jpg,77.0,sad,47.98201346611816
frame_770.jpg,770.0,fear,75.19704699516296
frame_771.jpg,771.0,sad,61.22661597887373
frame_772.jpg,772.0,sad,85.00969320593435
frame_773.jpg,773.0,sad,58.292541402133786
frame_774.jpg,774.0,fear,58.338725566864014
frame_775.jpg,775.0,sad,47.10607196164989
frame_776.jpg,776.0,fear,36.9729608297348
frame_777.jpg,777.0,sad,60.43850655096691
frame_778.jpg,778.0,fear,45.063851460492266
frame_779.jpg,779.0,sad,52.2496223449707
frame_78.jpg,78.0,sad,49.991828203201294
frame_780.jpg,780.0,angry,46.41678333282471
frame_781.jpg,781.0,fear,47.24286198616028
frame_782.jpg,782.0,sad,51.61780118942261
frame_783.jpg,783.0,sad,58.971238136291504
frame_784.jpg,784.0,fear,32.81501429170455
frame_785.jpg,785.0,sad,53.88487302570778
frame_786.jpg,786.0,sad,37.05233633518219
frame_787.jpg,787.0,sad,78.59738810031273
frame_788.jpg,788.0,sad,55.04109263420105
frame_789.jpg,789.0,sad,82.35853314399719
frame_79.jpg,79.0,sad,55.74057766682835
frame_790.jpg,790.0,sad,87.04931890376581
frame_791.jpg,791.0,sad,92.60619282722473
frame_792.jpg,792.0,sad,78.48378887675935
frame_793.jpg,793.0,fear,43.49466562271118
frame_794.jpg,794.0,angry,48.1416255235672
frame_795.jpg,795.0,sad,82.27002620697021
frame_796.jpg,796.0,sad,88.26939463615417
frame_797.jpg,797.0,sad,74.27995800971985
frame_798.jpg,798.0,sad,70.14114500774681
frame_799.jpg,799.0,sad,60.64910888671875
frame_8.jpg,8.0,sad,47.99416983197095
frame_80.jpg,80.0,sad,65.55396318435669
frame_800.jpg,800.0,angry,59.10604352391026
frame_801.jpg,801.0,sad,54.94967699050903
frame_802.jpg,802.0,sad,67.7948534488678
frame_803.jpg,803.0,sad,74.52756458849485
frame_804.jpg,804.0,sad,84.81280207633972
frame_805.jpg,805.0,sad,49.284544587135315
frame_806.jpg,806.0,sad,67.89274428996376
frame_807.jpg,807.0,sad,51.97083067720119
frame_808.jpg,808.0,sad,46.53049409389496
frame_809.jpg,809.0,sad,37.168437242507935
frame_81.jpg,81.0,sad,53.828322887420654
frame_810.jpg,810.0,sad,60.907942056655884
frame_811.jpg,811.0,sad,87.03322256007463
frame_812.jpg,812.0,sad,66.96049970152973
frame_813.jpg,813.0,sad,68.71194839477539
frame_814.jpg,814.0,sad,45.152756571769714
frame_815.jpg,815.0,sad,60.67843202820015
frame_816.jpg,816.0,sad,47.10235893726349
frame_817.jpg,817.0,fear,58.386099338531494
frame_818.jpg,818.0,sad,72.7848085421552
frame_819.jpg,819.0,sad,61.57146096229553
frame_82.jpg,82.0,sad,55.984675884246826
frame_820.jpg,820.0,sad,65.94785045955783
frame_821.jpg,821.0,sad,70.4447329044342
frame_822.jpg,822.0,sad,43.29454004764557
frame_823.jpg,823.0,sad,54.61582867001466
frame_824.jpg,824.0,sad,54.21971082687378
frame_825.jpg,825.0,sad,67.59604215621948
frame_826.jpg,826.0,sad,35.080742835998535
frame_827.jpg,827.0,fear,71.70690635360404
frame_828.jpg,828.0,sad,59.533392246557206
frame_829.jpg,829.0,sad,45.944854617118835
frame_83.jpg,83.0,sad,56.034767627716064
frame_830.jpg,830.0,sad,84.25619508362979
frame_831.jpg,831.0,sad,74.94666576385498
frame_832.jpg,832.0,sad,51.89842559117966
frame_833.jpg,833.0,fear,37.085938453674316
frame_834.jpg,834.0,neutral,54.00904738956972
frame_835.jpg,835.0,sad,76.15656852722168
frame_836.jpg,836.0,sad,83.40383768081665
frame_837.jpg,837.0,sad,93.30377062514178
frame_838.jpg,838.0,sad,82.84085886721962
frame_839.jpg,839.0,sad,81.94752120346084
frame_84.jpg,84.0,neutral,45.814913511276245
frame_840.jpg,840.0,sad,77.4049699306488
frame_841.jpg,841.0,sad,66.24813675880432
frame_842.jpg,842.0,sad,75.13376922212656
frame_843.jpg,843.0,sad,52.97284722328186
frame_844.jpg,844.0,sad,51.433056592941284
frame_845.jpg,845.0,sad,48.6062227848901
frame_846.jpg,846.0,sad,75.05017518997192
frame_847.jpg,847.0,sad,82.91803002357483
frame_848.jpg,848.0,sad,83.00606608390808
frame_849.jpg,849.0,sad,88.38665416161145
frame_85.jpg,85.0,sad,74.79211392496659
frame_850.jpg,850.0,sad,54.947540458890224
frame_851.jpg,851.0,sad,43.87114905543024
frame_852.jpg,852.0,sad,69.68252062797546
frame_853.jpg,853.0,sad,69.68045234680176
frame_854.jpg,854.0,sad,81.39965534210205
frame_855.jpg,855.0,sad,88.1172239780426
frame_856.jpg,856.0,sad,87.48505711555481
frame_857.jpg,857.0,sad,84.93288069563393
frame_858.jpg,858.0,fear,50.19538998603821
frame_859.jpg,859.0,neutral,60.08622526094612
frame_86.jpg,86.0,sad,38.0638115444071
frame_860.jpg,860.0,sad,60.2361798286438
frame_861.jpg,861.0,sad,51.79022550582886
frame_862.jpg,862.0,sad,91.06797575950623
frame_863.jpg,863.0,sad,82.99878531672692
frame_864.jpg,864.0,sad,75.86744427680969
frame_865.jpg,865.0,sad,79.24669981002808
frame_866.jpg,866.0,sad,67.26422905921936
frame_867.jpg,867.0,sad,77.23634839057922
frame_868.jpg,868.0,sad,73.95720481872559
frame_869.jpg,869.0,sad,74.82426166534424
frame_87.jpg,87.0,neutral,59.364140033721924
frame_870.jpg,870.0,sad,77.5337278842926
frame_871.jpg,871.0,sad,82.21578598022461
frame_872.jpg,872.0,sad,47.70570695400238
frame_873.jpg,873.0,sad,82.08154439926147
frame_874.jpg,874.0,sad,91.16392678999465
frame_875.jpg,875.0,sad,75.97154378890991
frame_876.jpg,876.0,sad,82.73496627807617
frame_877.jpg,877.0,sad,90.00409245491028
frame_878.jpg,878.0,sad,55.36644458770752
frame_879.jpg,879.0,sad,83.356112241745
frame_88.jpg,88.0,sad,43.97331476211548
frame_880.jpg,880.0,sad,90.04264414564635
frame_881.jpg,881.0,sad,46.373119950294495
frame_882.jpg,882.0,sad,72.41994738578796
frame_883.jpg,883.0,angry,33.308809995651245
frame_884.jpg,884.0,sad,46.50837182998657
frame_885.jpg,885.0,sad,42.2607460903232
frame_886.jpg,886.0,sad,69.70043778419495
frame_887.jpg,887.0,sad,83.76697897911072
frame_888.jpg,888.0,sad,49.1643100478834
frame_889.jpg,889.0,sad,71.24792337417603
frame_89.jpg,89.0,sad,47.85984184028604
frame_890.jpg,890.0,sad,73.87556433677673
frame_891.jpg,891.0,sad,69.30190324783325
frame_892.jpg,892.0,sad,45.16184089638699
frame_893.jpg,893.0,sad,86.81021332740784
frame_894.jpg,894.0,sad,43.43246441274457
frame_895.jpg,895.0,fear,45.698848110368736
frame_896.jpg,896.0,fear,46.71872834674885
frame_897.jpg,897.0,sad,76.64490659772237
frame_898.jpg,898.0,sad,54.264059916976684
frame_899.jpg,899.0,sad,41.09676374158427
frame_9.jpg,9.0,sad,60.84702014923096
frame_90.jpg,90.0,sad,49.53954219818115
frame_900.jpg,900.0,sad,63.33372751876444
frame_901.jpg,901.0,fear,40.371906757354736
frame_902.jpg,902.0,sad,59.576040506362915
frame_903.jpg,903.0,angry,39.11488522468629
frame_904.jpg,904.0,sad,43.74169483879866
frame_905.jpg,905.0,angry,58.117728457721654
frame_906.jpg,906.0,sad,51.66938900947571
frame_907.jpg,907.0,sad,63.88541244777515
frame_908.jpg,908.0,sad,82.50930309295654
frame_909.jpg,909.0,sad,56.951820850372314
frame_91.jpg,91.0,sad,69.3510353565216
frame_910.jpg,910.0,sad,70.7509458065033
frame_911.jpg,911.0,sad,83.14981956182835
frame_912.jpg,912.0,sad,92.26579666137695
frame_913.jpg,913.0,sad,74.91744756698608
frame_914.jpg,914.0,sad,81.75990581512451
frame_915.jpg,915.0,sad,66.36984944343567
frame_916.jpg,916.0,sad,48.40146005153656
frame_917.jpg,917.0,sad,59.937999244809106
frame_918.jpg,918.0,sad,48.39388132095337
frame_919.jpg,919.0,sad,56.00127577781677
frame_92.jpg,92.0,sad,78.78292455876773
frame_920.jpg,920.0,sad,56.66683316230774
frame_921.jpg,921.0,sad,54.53819090583216
frame_922.jpg,922.0,sad,40.19641461329634
frame_923.jpg,923.0,sad,61.61828179577372
frame_924.jpg,924.0,sad,74.85680430274036
frame_925.jpg,925.0,sad,85.55994629859924
frame_926.jpg,926.0,sad,61.14634142561657
frame_927.jpg,927.0,sad,63.16485781460153
frame_928.jpg,928.0,neutral,54.08474802970886
frame_929.jpg,929.0,sad,69.50591206550598
frame_93.jpg,93.0,sad,55.85580205057872
frame_930.jpg,930.0,sad,89.1165627102181
frame_931.jpg,931.0,sad,89.65614438056946
frame_932.jpg,932.0,sad,68.00875067710876
frame_933.jpg,933.0,sad,55.090523372950955
frame_934.jpg,934.0,sad,62.75226321789465
frame_935.jpg,935.0,sad,57.412669504443976
frame_936.jpg,936.0,sad,60.400623083114624
frame_937.jpg,937.0,sad,60.82297692572796
frame_938.jpg,938.0,sad,79.40580494334638
frame_939.jpg,939.0,sad,88.80235552787781
frame_94.jpg,94.0,sad,39.871957898139954
frame_940.jpg,940.0,sad,87.80818508912236
frame_941.jpg,941.0,sad,64.77453112602234
frame_942.jpg,942.0,sad,56.606775522232056
frame_943.jpg,943.0,sad,55.33257456616012
frame_944.jpg,944.0,fear,34.46747362613678
frame_945.jpg,945.0,sad,85.13685287676488
frame_946.jpg,946.0,sad,58.57873558998108
frame_947.jpg,947.0,sad,89.22863474233564
frame_948.jpg,948.0,sad,83.91700887185388
frame_949.jpg,949.0,sad,84.56581738983496
frame_95.jpg,95.0,neutral,55.2284300327301
frame_950.jpg,950.0,sad,85.25563478469849
frame_951.jpg,951.0,sad,76.87194805574107
frame_952.jpg,952.0,neutral,67.88289951580164
frame_953.jpg,953.0,fear,45.39228677749634
frame_954.jpg,954.0,sad,40.41174650192261
frame_955.jpg,955.0,fear,56.118773684647834
frame_956.jpg,956.0,sad,41.52994453907013
frame_957.jpg,957.0,sad,66.56894484573274
frame_958.jpg,958.0,sad,66.40617251396179
frame_959.jpg,959.0,sad,59.67054482347307
frame_96.jpg,96.0,neutral,50.55381655693054
frame_960.jpg,960.0,sad,58.35761924295196
frame_961.jpg,961.0,sad,54.202150797587535
frame_962.jpg,962.0,sad,44.51128211684716
frame_963.jpg,963.0,neutral,77.34678983688354
frame_964.jpg,964.0,neutral,78.10398675250849
frame_965.jpg,965.0,sad,81.17088899959457
frame_966.jpg,966.0,sad,64.93771254273803
frame_967.jpg,967.0,sad,77.79278755187988
frame_968.jpg,968.0,sad,78.31596732139587
frame_969.jpg,969.0,sad,64.63075280189514
frame_97.jpg,97.0,sad,48.61626327037811
frame_970.jpg,970.0,sad,55.311983823776245
frame_971.jpg,971.0,sad,31.142151355743408
frame_972.jpg,972.0,sad,59.84618067741394
frame_973.jpg,973.0,sad,39.89339768886566
frame_974.jpg,974.0,sad,80.59658888558083
frame_975.jpg,975.0,sad,79.56469533233019
frame_976.jpg,976.0,sad,93.34148128875978
frame_977.jpg,977.0,sad,94.037926197052
frame_978.jpg,978.0,sad,96.20264768600464
frame_979.jpg,979.0,sad,96.43641689040761
frame_98.jpg,98.0,sad,42.62930750846863
frame_980.jpg,980.0,sad,71.4788641308384
frame_981.jpg,981.0,sad,62.1122047767395
frame_982.jpg,982.0,sad,45.21649777889252
frame_983.jpg,983.0,sad,52.32425928115845
frame_984.jpg,984.0,sad,68.7380768372921
frame_985.jpg,985.0,sad,44.236405996847864
frame_986.jpg,986.0,sad,84.99471545219421
frame_987.jpg,987.0,sad,89.37301762425689
frame_988.jpg,988.0,sad,94.36684217255367
frame_989.jpg,989.0,sad,84.2278242111206
frame_99.jpg,99.0,sad,40.17868520959439
frame_990.jpg,990.0,sad,84.3575110648579
frame_991.jpg,991.0,sad,92.54181981086731
frame_992.jpg,992.0,sad,71.52953487282576
frame_993.jpg,993.0,sad,66.67918562889099
frame_994.jpg,994.0,sad,58.28204502356321
frame_995.jpg,995.0,sad,44.511622190475464
frame_996.jpg,996.0,sad,52.59559154510498
frame_997.jpg,997.0,sad,45.17601728439331
frame_998.jpg,998.0,sad,45.908620953559875
frame_999.jpg,999.0,sad,78.08142900466919
